path,face,source,x,y,w,h,read
face_4/5b225ec207de_00.png,4,5b225ec207de1be1e8fd2427919642fb0c7bc4b8630598af0a8f92a7eeffcce7.jpg,1558,875,117,133,4
face_4/5b225ec207de_01.png,4,5b225ec207de1be1e8fd2427919642fb0c7bc4b8630598af0a8f92a7eeffcce7.jpg,1923,910,122,130,4
face_4/5b225ec207de_02.png,4,5b225ec207de1be1e8fd2427919642fb0c7bc4b8630598af0a8f92a7eeffcce7.jpg,2118,1183,130,140,4
face_4/5b225ec207de_03.png,4,5b225ec207de1be1e8fd2427919642fb0c7bc4b8630598af0a8f92a7eeffcce7.jpg,888,1253,130,135,4
face_4/5b225ec207de_04.png,4,5b225ec207de1be1e8fd2427919642fb0c7bc4b8630598af0a8f92a7eeffcce7.jpg,1700,1358,118,122,4
face_4/5b225ec207de_05.png,4,5b225ec207de1be1e8fd2427919642fb0c7bc4b8630598af0a8f92a7eeffcce7.jpg,1408,1545,117,113,4
face_4/5b225ec207de_06.png,4,5b225ec207de1be1e8fd2427919642fb0c7bc4b8630598af0a8f92a7eeffcce7.jpg,1985,1758,128,112,4
face_4/5b225ec207de_07.png,4,5b225ec207de1be1e8fd2427919642fb0c7bc4b8630598af0a8f92a7eeffcce7.jpg,1628,1913,112,112,4
face_4/5b225ec207de_08.png,4,5b225ec207de1be1e8fd2427919642fb0c7bc4b8630598af0a8f92a7eeffcce7.jpg,2183,2043,137,120,4
face_4/5b225ec207de_09.png,4,5b225ec207de1be1e8fd2427919642fb0c7bc4b8630598af0a8f92a7eeffcce7.jpg,1173,2055,110,108,4
face_4/5b225ec207de_10.png,4,5b225ec207de1be1e8fd2427919642fb0c7bc4b8630598af0a8f92a7eeffcce7.jpg,860,2233,130,115,4
face_4/5b225ec207de_11.png,4,5b225ec207de1be1e8fd2427919642fb0c7bc4b8630598af0a8f92a7eeffcce7.jpg,1845,2285,103,95,4
face_6/8f670b88fc95_00.png,6,8f670b88fc95303a98670fb9e60479769ba241297e7686565f86aef39e9fe8cc.jpg,1598,923,117,127,6
face_6/8f670b88fc95_01.png,6,8f670b88fc95303a98670fb9e60479769ba241297e7686565f86aef39e9fe8cc.jpg,1920,1008,123,140,6
face_6/8f670b88fc95_02.png,6,8f670b88fc95303a98670fb9e60479769ba241297e7686565f86aef39e9fe8cc.jpg,878,1245,127,130,6
face_6/8f670b88fc95_03.png,6,8f670b88fc95303a98670fb9e60479769ba241297e7686565f86aef39e9fe8cc.jpg,2078,1255,130,123,6
face_6/8f670b88fc95_04.png,6,8f670b88fc95303a98670fb9e60479769ba241297e7686565f86aef39e9fe8cc.jpg,1638,1350,117,120,6
face_6/8f670b88fc95_05.png,6,8f670b88fc95303a98670fb9e60479769ba241297e7686565f86aef39e9fe8cc.jpg,1460,1503,113,112,6
face_6/8f670b88fc95_06.png,6,8f670b88fc95303a98670fb9e60479769ba241297e7686565f86aef39e9fe8cc.jpg,1888,1805,107,110,6
face_6/8f670b88fc95_07.png,6,8f670b88fc95303a98670fb9e60479769ba241297e7686565f86aef39e9fe8cc.jpg,1653,1895,115,113,6
face_6/8f670b88fc95_08.png,6,8f670b88fc95303a98670fb9e60479769ba241297e7686565f86aef39e9fe8cc.jpg,1190,1998,88,100,6
face_6/8f670b88fc95_09.png,6,8f670b88fc95303a98670fb9e60479769ba241297e7686565f86aef39e9fe8cc.jpg,2118,2015,120,118,6
face_6/8f670b88fc95_10.png,6,8f670b88fc95303a98670fb9e60479769ba241297e7686565f86aef39e9fe8cc.jpg,950,2168,115,100,6
face_6/8f670b88fc95_11.png,6,8f670b88fc95303a98670fb9e60479769ba241297e7686565f86aef39e9fe8cc.jpg,1855,2353,110,117,6
